{
  "timestamp": "20260118_154206",
  "overall": {
    "total_evaluations": 600,
    "unique_items": 200,
    "unique_raters": 3,
    "total_vlm_entries": 4917,
    "matched_with_vlm": 600
  },
  "by_dimension": {
    "edit_success": {
      "edited": {
        "n": 600,
        "human_mean": 4.148333333333333,
        "human_std": 1.1444054739858984,
        "vlm_mean": 4.235,
        "vlm_std": 1.1223969885918261,
        "mean_diff": -0.08666666666666667,
        "mae": 0.24666666666666667,
        "rmse": 0.496655480858378,
        "exact_agreement": 0.7533333333333333,
        "within_1_agreement": 1.0,
        "pearson_r": 0.9070940412958162,
        "pearson_p": 6.790280488853035e-227,
        "spearman_r": 0.8151246724260008,
        "spearman_p": 6.481247666751258e-144,
        "kendall_tau": 0.7839856881522171,
        "kendall_p": 3.52563246290597e-104
      },
      "preserved": {
        "n": 60,
        "human_mean": 4.3,
        "human_std": 0.9882644720249063,
        "vlm_mean": 4.45,
        "vlm_std": 0.9205976319760985,
        "mean_diff": -0.15,
        "mae": 0.21666666666666667,
        "rmse": 0.4654746681256314,
        "exact_agreement": 0.7833333333333333,
        "within_1_agreement": 1.0,
        "pearson_r": 0.8958072489781923,
        "pearson_p": 4.342041956974583e-22,
        "spearman_r": 0.7845183059851388,
        "spearman_p": 1.208779781095176e-13,
        "kendall_tau": 0.7617407223262942,
        "kendall_p": 3.6487282117873853e-10
      }
    },
    "skin_tone": {
      "edited": {
        "n": 600,
        "human_mean": 3.5283333333333333,
        "human_std": 0.9305180755304482,
        "vlm_mean": 3.485,
        "vlm_std": 0.7139852939661991,
        "mean_diff": 0.043333333333333335,
        "mae": 0.3933333333333333,
        "rmse": 0.6271629240742259,
        "exact_agreement": 0.6066666666666667,
        "within_1_agreement": 1.0,
        "pearson_r": 0.7406822378571013,
        "pearson_p": 2.2602658781215876e-105,
        "spearman_r": 0.7336289910407351,
        "spearman_p": 2.0692095178190222e-102,
        "kendall_tau": 0.6790907485049833,
        "kendall_p": 8.011776310818851e-79
      },
      "preserved": {
        "n": 60,
        "human_mean": 3.1166666666666667,
        "human_std": 1.0342737656066803,
        "vlm_mean": 3.25,
        "vlm_std": 0.698212002188447,
        "mean_diff": -0.13333333333333333,
        "mae": 0.43333333333333335,
        "rmse": 0.6582805886043833,
        "exact_agreement": 0.5666666666666667,
        "within_1_agreement": 1.0,
        "pearson_r": 0.7904720281824565,
        "pearson_p": 5.865416113296058e-14,
        "spearman_r": 0.7790973387864312,
        "spearman_p": 2.289870589736725e-13,
        "kendall_tau": 0.7244007427232017,
        "kendall_p": 1.843402177740805e-10
      }
    },
    "race_drift": {
      "edited": {
        "n": 600,
        "human_mean": 1.3416666666666666,
        "human_std": 0.7175866188520766,
        "vlm_mean": 1.13,
        "vlm_std": 0.6656575696257048,
        "mean_diff": 0.21166666666666667,
        "mae": 0.22833333333333333,
        "rmse": 0.4778423728943817,
        "exact_agreement": 0.7716666666666666,
        "within_1_agreement": 1.0,
        "pearson_r": 0.8107112876068454,
        "pearson_p": 3.6422427695234216e-141,
        "spearman_r": 0.4425713931404586,
        "spearman_p": 3.6069979244774474e-30,
        "kendall_tau": 0.4380149159480937,
        "kendall_p": 6.541316651577579e-28
      },
      "preserved": {
        "n": 60,
        "human_mean": 1.1333333333333333,
        "human_std": 0.339934634239519,
        "vlm_mean": 1.0,
        "vlm_std": 0.0,
        "mean_diff": 0.13333333333333333,
        "mae": 0.13333333333333333,
        "rmse": 0.3651483716701107,
        "exact_agreement": 0.8666666666666667,
        "within_1_agreement": 1.0,
        "pearson_r": NaN,
        "pearson_p": NaN,
        "spearman_r": NaN,
        "spearman_p": NaN,
        "kendall_tau": NaN,
        "kendall_p": NaN
      }
    },
    "gender_drift": {
      "edited": {
        "n": 600,
        "human_mean": 1.2033333333333334,
        "human_std": 0.4065983549182438,
        "vlm_mean": 1.005,
        "vlm_std": 0.07053367989832943,
        "mean_diff": 0.19833333333333333,
        "mae": 0.19833333333333333,
        "rmse": 0.44534630719624624,
        "exact_agreement": 0.8016666666666666,
        "within_1_agreement": 1.0,
        "pearson_r": 0.19700910049684814,
        "pearson_p": 1.1538809038658597e-06,
        "spearman_r": 0.1525919105093302,
        "spearman_p": 0.0001754838732880405,
        "kendall_tau": 0.15246601011379446,
        "kendall_p": 0.0001880084499785861
      },
      "preserved": {
        "n": 60,
        "human_mean": 1.25,
        "human_std": 0.4330127018922193,
        "vlm_mean": 1.0,
        "vlm_std": 0.0,
        "mean_diff": 0.25,
        "mae": 0.25,
        "rmse": 0.5,
        "exact_agreement": 0.75,
        "within_1_agreement": 1.0,
        "pearson_r": NaN,
        "pearson_p": NaN,
        "spearman_r": NaN,
        "spearman_p": NaN,
        "kendall_tau": NaN,
        "kendall_p": NaN
      }
    },
    "age_drift": {
      "edited": {
        "n": 600,
        "human_mean": 3.115,
        "human_std": 0.8593262864981304,
        "vlm_mean": 3.1,
        "vlm_std": 0.6557438524302001,
        "mean_diff": 0.015,
        "mae": 0.37166666666666665,
        "rmse": 0.609644705272396,
        "exact_agreement": 0.6283333333333333,
        "within_1_agreement": 1.0,
        "pearson_r": 0.7071898210537896,
        "pearson_p": 4.213841683257858e-92,
        "spearman_r": 0.6487769042244154,
        "spearman_p": 5.76854004932288e-73,
        "kendall_tau": 0.6100410541686319,
        "kendall_p": 6.401291260536739e-63
      },
      "preserved": {
        "n": 60,
        "human_mean": 2.8333333333333335,
        "human_std": 0.8787617550976045,
        "vlm_mean": 2.9,
        "vlm_std": 0.6244997998398398,
        "mean_diff": -0.06666666666666667,
        "mae": 0.4,
        "rmse": 0.6324555320336759,
        "exact_agreement": 0.6,
        "within_1_agreement": 1.0,
        "pearson_r": 0.6985108148203263,
        "pearson_p": 5.466912844447749e-10,
        "spearman_r": 0.6407814280666405,
        "spearman_p": 3.496795962258748e-08,
        "kendall_tau": 0.6016444310763576,
        "kendall_p": 2.3068232414593045e-07
      }
    }
  },
  "by_model": {
    "flux": {
      "n": 3000,
      "human_mean": 2.667333333333333,
      "human_std": 1.4580807781311553,
      "vlm_mean": 2.591,
      "vlm_std": 1.487184924614286,
      "mean_diff": 0.07633333333333334,
      "mae": 0.2876666666666667,
      "rmse": 0.5363456596884761,
      "exact_agreement": 0.7123333333333334,
      "within_1_agreement": 1.0,
      "pearson_r": 0.9352084014309887,
      "pearson_p": 0.0,
      "spearman_r": 0.9311090198948279,
      "spearman_p": 0.0,
      "kendall_tau": 0.868925895783269,
      "kendall_p": 0.0
    }
  },
  "by_category": {
    "D": {
      "n": 3000,
      "human_mean": 2.667333333333333,
      "human_std": 1.4580807781311553,
      "vlm_mean": 2.591,
      "vlm_std": 1.487184924614286,
      "mean_diff": 0.07633333333333334,
      "mae": 0.2876666666666667,
      "rmse": 0.5363456596884761,
      "exact_agreement": 0.7123333333333334,
      "within_1_agreement": 1.0,
      "pearson_r": 0.9352084014309887,
      "pearson_p": 0.0,
      "spearman_r": 0.9311090198948279,
      "spearman_p": 0.0,
      "kendall_tau": 0.868925895783269,
      "kendall_p": 0.0
    }
  },
  "by_race": {
    "Latino": {
      "n": 390,
      "human_mean": 2.6256410256410256,
      "human_std": 1.4912940429102037,
      "vlm_mean": 2.5846153846153848,
      "vlm_std": 1.4924662881625752,
      "mean_diff": 0.041025641025641026,
      "mae": 0.3333333333333333,
      "rmse": 0.5773502691896257,
      "exact_agreement": 0.6666666666666666,
      "within_1_agreement": 1.0,